{
  "An Giang": {
    "code": "AG",
    "file_path": "./provinces_v2/AG.json"
  },
  "Bắc Ninh": {
    "code": "BN",
    "file_path": "./provinces_v2/BN.json"
  },
  "Cà Mau": {
    "code": "CM",
    "file_path": "./provinces_v2/CM.json"
  },
  "Cao Bằng": {
    "code": "CB",
    "file_path": "./provinces_v2/CB.json"
  },
  "Cần Thơ": {
    "code": "CT",
    "file_path": "./provinces_v2/CT.json"
  },
  "Đà Nẵng": {
    "code": "DDN",
    "file_path": "./provinces_v2/DDN.json"
  },
  "Đắk Lắk": {
    "code": "DDL",
    "file_path": "./provinces_v2/DDL.json"
  },
  "Điện Biên": {
    "code": "DDB",
    "file_path": "./provinces_v2/DDB.json"
  },
  "Đồng Nai": {
    "code": "DNA",
    "file_path": "./provinces_v2/DNA.json"
  },
  "Đồng Tháp": {
    "code": "DDT",
    "file_path": "./provinces_v2/DDT.json"
  },
  "Gia Lai": {
    "code": "GL",
    "file_path": "./provinces_v2/GL.json"
  },
  "Hà Nội": {
    "code": "HN",
    "file_path": "./provinces_v2/HN.json"
  },
  "Hà Tĩnh": {
    "code": "HT",
    "file_path": "./provinces_v2/HT.json"
  },
  "Hải Phòng": {
    "code": "HP",
    "file_path": "./provinces_v2/HP.json"
  },
  "Hồ Chí Minh": {
    "code": "HCM",
    "file_path": "./provinces_v2/HCM.json"
  },
  "Huế": {
    "code": "HUE",
    "file_path": "./provinces_v2/HUE.json"
  },
  "Hưng Yên": {
    "code": "HY",
    "file_path": "./provinces_v2/HY.json"
  },
  "Khánh Hòa": {
    "code": "KH",
    "file_path": "./provinces_v2/KH.json"
  },
  "Lai Châu": {
    "code": "LCH",
    "file_path": "./provinces_v2/LCH.json"
  },
  "Lạng Sơn": {
    "code": "LS",
    "file_path": "./provinces_v2/LS.json"
  },
  "Lào Cai": {
    "code": "LCA",
    "file_path": "./provinces_v2/LCA.json"
  },
  "Lâm Đồng": {
    "code": "LDD",
    "file_path": "./provinces_v2/LDD.json"
  },
  "Nghệ An": {
    "code": "NA",
    "file_path": "./provinces_v2/NA.json"
  },
  "Ninh Bình": {
    "code": "NB",
    "file_path": "./provinces_v2/NB.json"
  },
  "Phú Thọ": {
    "code": "PT",
    "file_path": "./provinces_v2/PT.json"
  },
  "Quảng Ngãi": {
    "code": "QNG",
    "file_path": "./provinces_v2/QNG.json"
  },
  "Quảng Ninh": {
    "code": "QNI",
    "file_path": "./provinces_v2/QNI.json"
  },
  "Quảng Trị": {
    "code": "QT",
    "file_path": "./provinces_v2/QT.json"
  },
  "Sơn La": {
    "code": "SL",
    "file_path": "./provinces_v2/SL.json"
  },
  "Tây Ninh": {
    "code": "TNI",
    "file_path": "./provinces_v2/TNI.json"
  },
  "Thái Nguyên": {
    "code": "TN",
    "file_path": "./provinces_v2/TN.json"
  },
  "Thanh Hóa": {
    "code": "TH",
    "file_path": "./provinces_v2/TH.json"
  },
  "Tuyên Quang": {
    "code": "TQ",
    "file_path": "./provinces_v2/TQ.json"
  },
  "Vĩnh Long": {
    "code": "VL",
    "file_path": "./provinces_v2/VL.json"
  }
}