{
  "An Giang": {
    "code": "AG",
    "file_path": "./provinces/AG.json"
  },
  "Bắc Ninh": {
    "code": "BN",
    "file_path": "./provinces/BN.json"
  },
  "Cà Mau": {
    "code": "CM",
    "file_path": "./provinces/CM.json"
  },
  "Cao Bằng": {
    "code": "CB",
    "file_path": "./provinces/CB.json"
  },
  "Cần Thơ": {
    "code": "CT",
    "file_path": "./provinces/CT.json"
  },
  "Đà Nẵng": {
    "code": "DDN",
    "file_path": "./provinces/DDN.json"
  },
  "Đắk Lắk": {
    "code": "DDL",
    "file_path": "./provinces/DDL.json"
  },
  "Điện Biên": {
    "code": "DDB",
    "file_path": "./provinces/DDB.json"
  },
  "Đồng Nai": {
    "code": "DNA",
    "file_path": "./provinces/DNA.json"
  },
  "Đồng Tháp": {
    "code": "DDT",
    "file_path": "./provinces/DDT.json"
  },
  "Gia Lai": {
    "code": "GL",
    "file_path": "./provinces/GL.json"
  },
  "Hà Nội": {
    "code": "HN",
    "file_path": "./provinces/HN.json"
  },
  "Hà Tĩnh": {
    "code": "HT",
    "file_path": "./provinces/HT.json"
  },
  "Hải Phòng": {
    "code": "HP",
    "file_path": "./provinces/HP.json"
  },
  "Hồ Chí Minh": {
    "code": "HCM",
    "file_path": "./provinces/HCM.json"
  },
  "Huế": {
    "code": "HUE",
    "file_path": "./provinces/HUE.json"
  },
  "Hưng Yên": {
    "code": "HY",
    "file_path": "./provinces/HY.json"
  },
  "Khánh Hòa": {
    "code": "KH",
    "file_path": "./provinces/KH.json"
  },
  "Lai Châu": {
    "code": "LCH",
    "file_path": "./provinces/LCH.json"
  },
  "Lạng Sơn": {
    "code": "LS",
    "file_path": "./provinces/LS.json"
  },
  "Lào Cai": {
    "code": "LCA",
    "file_path": "./provinces/LCA.json"
  },
  "Lâm Đồng": {
    "code": "LDD",
    "file_path": "./provinces/LDD.json"
  },
  "Nghệ An": {
    "code": "NA",
    "file_path": "./provinces/NA.json"
  },
  "Ninh Bình": {
    "code": "NB",
    "file_path": "./provinces/NB.json"
  },
  "Phú Thọ": {
    "code": "PT",
    "file_path": "./provinces/PT.json"
  },
  "Quảng Ngãi": {
    "code": "QNG",
    "file_path": "./provinces/QNG.json"
  },
  "Quảng Ninh": {
    "code": "QNI",
    "file_path": "./provinces/QNI.json"
  },
  "Quảng Trị": {
    "code": "QT",
    "file_path": "./provinces/QT.json"
  },
  "Sơn La": {
    "code": "SL",
    "file_path": "./provinces/SL.json"
  },
  "Tây Ninh": {
    "code": "TNI",
    "file_path": "./provinces/TNI.json"
  },
  "Thái Nguyên": {
    "code": "TN",
    "file_path": "./provinces/TN.json"
  },
  "Thanh Hóa": {
    "code": "TH",
    "file_path": "./provinces/TH.json"
  },
  "Tuyên Quang": {
    "code": "TQ",
    "file_path": "./provinces/TQ.json"
  },
  "Vĩnh Long": {
    "code": "VL",
    "file_path": "./provinces/VL.json"
  }
}